<?xml version="1.0" encoding="UTF-8"?>
<project-private xmlns="http://www.netbeans.org/ns/project-private/1">
    <editor-bookmarks xmlns="http://www.netbeans.org/ns/editor-bookmarks/2" lastBookmarkId="0"/>
    <open-files xmlns="http://www.netbeans.org/ns/projectui-open-files/2">
        <group>
            <file>file:/home/jigar/NetBeansProjects/JavaApplication%20DB/src/javaapplication/db/p1.java</file>
            <file>file:/home/jigar/NetBeansProjects/JavaApplication%20DB/src/javaapplication/db/pw2.java</file>
            <file>file:/home/jigar/NetBeansProjects/JavaApplication%20DB/src/javaapplication/db/p4.java</file>
            <file>file:/home/jigar/NetBeansProjects/JavaApplication%20DB/src/javaapplication/db/pm1.java</file>
            <file>file:/home/jigar/NetBeansProjects/JavaApplication%20DB/src/javaapplication/db/cart1.java</file>
            <file>file:/home/jigar/NetBeansProjects/JavaApplication%20DB/src/javaapplication/db/login.java</file>
            <file>file:/home/jigar/NetBeansProjects/JavaApplication%20DB/src/javaapplication/db/c5.java</file>
            <file>file:/home/jigar/NetBeansProjects/JavaApplication%20DB/src/javaapplication/db/c2.java</file>
            <file>file:/home/jigar/NetBeansProjects/JavaApplication%20DB/src/javaapplication/db/pk1.java</file>
            <file>file:/home/jigar/NetBeansProjects/JavaApplication%20DB/src/javaapplication/db/Child.java</file>
            <file>file:/home/jigar/NetBeansProjects/JavaApplication%20DB/src/javaapplication/db/jLabel.java</file>
            <file>file:/home/jigar/NetBeansProjects/JavaApplication%20DB/src/javaapplication/db/man.java</file>
            <file>file:/home/jigar/NetBeansProjects/JavaApplication%20DB/src/javaapplication/db/signin.java</file>
            <file>file:/home/jigar/NetBeansProjects/JavaApplication%20DB/src/javaapplication/db/Women.java</file>
            <file>file:/home/jigar/NetBeansProjects/JavaApplication%20DB/src/javaapplication/db/cart2.java</file>
            <file>file:/home/jigar/NetBeansProjects/JavaApplication%20DB/src/javaapplication/db/c1.java</file>
            <file>file:/home/jigar/NetBeansProjects/JavaApplication%20DB/src/javaapplication/db/c4.java</file>
            <file>file:/home/jigar/NetBeansProjects/JavaApplication%20DB/src/javaapplication/db/p2.java</file>
            <file>file:/home/jigar/NetBeansProjects/JavaApplication%20DB/src/javaapplication/db/p5.java</file>
            <file>file:/home/jigar/NetBeansProjects/JavaApplication%20DB/src/javaapplication/db/Purchase.java</file>
            <file>file:/home/jigar/NetBeansProjects/JavaApplication%20DB/src/javaapplication/db/pm2.java</file>
            <file>file:/home/jigar/NetBeansProjects/JavaApplication%20DB/src/javaapplication/db/cart.java</file>
            <file>file:/home/jigar/NetBeansProjects/JavaApplication%20DB/src/javaapplication/db/Home.java</file>
            <file>file:/home/jigar/NetBeansProjects/JavaApplication%20DB/src/javaapplication/db/c3.java</file>
            <file>file:/home/jigar/NetBeansProjects/JavaApplication%20DB/src/javaapplication/db/p3.java</file>
            <file>file:/home/jigar/NetBeansProjects/JavaApplication%20DB/src/javaapplication/db/pk2.java</file>
            <file>file:/home/jigar/NetBeansProjects/JavaApplication%20DB/src/javaapplication/db/JavaApplicationDB.java</file>
            <file>file:/home/jigar/NetBeansProjects/JavaApplication%20DB/src/javaapplication/db/pw1.java</file>
            <file>file:/home/jigar/NetBeansProjects/JavaApplication%20DB/src/javaapplication/db/c6.java</file>
        </group>
    </open-files>
</project-private>
